firstName;lastName;office;password;department
Kristina;Chung;Marseille;123+aze;Info
Paige;Chen;Marseille;123+aze;Info
Sherri;Melton;Marseille;123+aze;Info
Gretchen;Hill;Marseille;123+aze;Info
Karen;Puckett;Marseille;123+aze;Info
Patrick;Song;Marseille;123+aze;Info
Elsie;Hamilton;Marseille;123+aze;Info
Hazel;Bender;Marseille;123+aze;Info
Malcolm;Wagner;Marseille;123+aze;Info
Dolores;McLaughlin;Marseille;123+aze;Info
Francis;McNamara;Marseille;123+aze;Info
Sandy;Raynor;Marseille;123+aze;Info
Marion;Moon;Marseille;123+aze;Info
Beth;Woodard;Marseille;123+aze;Info
Julia;Desai;Marseille;123+aze;Info
Jerome;Wallace;Marseille;123+aze;Info
Neal;Lawrence;Marseille;123+aze;Info
Jean;Griffin;Marseille;123+aze;Info
Kristine;Dougherty;Marseille;123+aze;Info
Crystal;Powers;Marseille;123+aze;Info
Alex;May;Marseille;123+aze;Info
Eric;Steele;Marseille;123+aze;Info
Wesley;Teague;Marseille;123+aze;Info
Franklin;Vick;Marseille;123+aze;Info
Claire;Gallagher;Marseille;123+aze;Info
Marian;Solomon;Marseille;123+aze;Info
Marcia;Walsh;Marseille;123+aze;Info
Dwight;Monroe;Marseille;123+aze;Info
Wayne;Connolly;Marseille;123+aze;Info
Stephanie;Hawkins;Marseille;123+aze;Info
Neal;Middleton;Marseille;123+aze;Info
Gretchen;Goldstein;Marseille;123+aze;Info
Tim;Watts;Marseille;123+aze;Info
Jerome;Johnston;Marseille;123+aze;Info
Shelley;Weeks;Marseille;123+aze;Info
Priscilla;Wilkerson;Marseille;123+aze;Info
Elsie;Barton;Marseille;123+aze;Info
Beth;Walton;Marseille;123+aze;Info
Erica;Hall;Marseille;123+aze;Info
Douglas;Ross;Marseille;123+aze;Info
Donald;Chung;Marseille;123+aze;Info
Katherine;Bender;Marseille;123+aze;Info
Paul;Woods;Marseille;123+aze;Info
Patricia;Mangum;Marseille;123+aze;Info
Lois;Joseph;Marseille;123+aze;Info
Louis;Rosenthal;Marseille;123+aze;Info
Christina;Bowden;Marseille;123+aze;Info
Darlene;Barton;Marseille;123+aze;Info
Harvey;Underwood;Marseille;123+aze;Info
William;Jones;Marseille;123+aze;Info
Frederick;Baker;Marseille;123+aze;Info
Shirley;Merritt;Marseille;123+aze;Info
Jason;Cross;Marseille;123+aze;Info
Judith;Cooper;Marseille;123+aze;Info
Gretchen;Holmes;Marseille;123+aze;Info
Don;Sharpe;Marseille;123+aze;Info
Glenda;Morgan;Marseille;123+aze;Info
Scott;Hoyle;Marseille;123+aze;Info
Pat;Allen;Marseille;123+aze;Info
Michelle;Rich;Marseille;123+aze;Info
Jessica;Rich;Marseille;123+aze;Info
Evan;Grant;Marseille;123+aze;Info
Melinda;Proctor;Marseille;123+aze;Info
Calvin;Diaz;Marseille;123+aze;Info
Eugene;Graham;Marseille;123+aze;Info
Vickie;Watkins;Marseille;123+aze;Info
Luis;Hinton;Marseille;123+aze;Info
Allan;Marsh;Marseille;123+aze;Info
Melanie;Hewitt;Marseille;123+aze;Info
Marianne;Branch;Marseille;123+aze;Info
Natalie;Walton;Marseille;123+aze;Info
Caroline;O'Brien;Marseille;123+aze;Info
Arlene;Case;Marseille;123+aze;Info
Kyle;Watts;Marseille;123+aze;Info
Calvin;Christensen;Marseille;123+aze;Info
Gary;Parks;Marseille;123+aze;Info
Samantha;Hardin;Marseille;123+aze;Info
Sara;Lucas;Marseille;123+aze;Info
Stacy;Eason;Marseille;123+aze;Info
Gladys;Davidson;Marseille;123+aze;Info
Mike;Whitehead;Marseille;123+aze;Info
Lynne;Rose;Marseille;123+aze;Info
Faye;Sparks;Marseille;123+aze;Info
Diana;Moore;Marseille;123+aze;Info
Leon;Pearson;Marseille;123+aze;Info
Ethel;Rodgers;Marseille;123+aze;Info
Steve;Graves;Marseille;123+aze;Info
Alison;Scarborough;Marseille;123+aze;Info
Sherri;Sutton;Marseille;123+aze;Info
Patsy;Sinclair;Marseille;123+aze;Info
Kelly;Bowman;Marseille;123+aze;Info
Stacy;Olsen;Marseille;123+aze;Info
Curtis;Love;Marseille;123+aze;Info
Dana;McLean;Marseille;123+aze;Info
Jennifer;Christian;Marseille;123+aze;Info
Brett;Lamb;Marseille;123+aze;Info
BJuridiquen;James;Marseille;123+aze;Info
Keith;Chandler;Marseille;123+aze;Info
Joann;Stout;Marseille;123+aze;Info
Ronnie;Cowan;Marseille;123+aze;Info
Scott;Golden;Marseille;123+aze;Info
Gene;Bowling;Marseille;123+aze;Info
Louise;Beasley;Marseille;123+aze;Info
Geoffrey;Clapp;Marseille;123+aze;Info
Patricia;Abrams;Marseille;123+aze;Info
Jennifer;Tilley;Marseille;123+aze;Info
Mary;Morse;Marseille;123+aze;Info
Shawn;Boykin;Marseille;123+aze;Info
Vincent;Sumner;Marseille;123+aze;Info
Kurt;Cassidy;Marseille;123+aze;Info
Danny;Davidson;Marseille;123+aze;Info
Charlene;Heath;Marseille;123+aze;Info
Alice;Blanchard;Marseille;123+aze;Info
Joan;McAllister;Marseille;123+aze;Info
Betty;McKenzie;Marseille;123+aze;Info
Danny;Byrne;Marseille;123+aze;Info
Peggy;Schroeder;Marseille;123+aze;Info
Leslie;Griffin;Marseille;123+aze;Info
Marshall;Gross;Marseille;123+aze;Info
Sara;Perkins;Marseille;123+aze;Info
Martha;Robertson;Marseille;123+aze;Info
Jack;Palmer;Marseille;123+aze;Info
Gayle;Brady;Marseille;123+aze;Info
Benjamin;Rowe;Marseille;123+aze;Info
Roberta;Zhang;Marseille;123+aze;Info
Patricia;Hodge;Marseille;123+aze;Info
Clifford;Li;Marseille;123+aze;Info
Joanne;Bowling;Marseille;123+aze;Info
Martin;Justice;Marseille;123+aze;Info
Toni;Glass;Marseille;123+aze;Info
Beth;Willis;Marseille;123+aze;Info
Jessica;Hester;Marseille;123+aze;Info
Samantha;Floyd;Marseille;123+aze;Info
Jimmy;Graves;Marseille;123+aze;Info
Vincent;Fischer;Marseille;123+aze;Info
Dianne;Norman;Marseille;123+aze;Info
Rhonda;Chan;Marseille;123+aze;Info
Tamara;Hunt;Marseille;123+aze;Info
Mary;Byrd;Marseille;123+aze;Info
Sidney;Lane;Marseille;123+aze;Info
Jeff;Kaplan;Marseille;123+aze;Info
Sandra;Heller;Marseille;123+aze;Info
Katie;May;Marseille;123+aze;Info
Raymond;Jennings;Marseille;123+aze;Info
Roger;Hanna;Marseille;123+aze;Info
Natalie;Locklear;Marseille;123+aze;Info
Kathy;Holloway;Marseille;123+aze;Info
Troy;Jones;Marseille;123+aze;Info
Neal;Glover;Marseille;123+aze;Info
Coud;Bender;Marseille;123+aze;Juridique
Malois;Wagner;Marseille;123+aze;Juridique
Dolomite;McLaughlin;Marseille;123+aze;Juridique
Hugo;Leman;Marseille;123+aze;Juridique
Paul;Belin;Marseille;123+aze;Juridique
Dimitry;Moon;Marseille;123+aze;Juridique
Martin;Vick;Lyon;123+aze;Info
Jack;O'Donnell;Lyon;123+aze;Info
Vincent;Goldman;Lyon;123+aze;Info
Beth;McKenna;Lyon;123+aze;Info
Milton;Starr;Paris;123+aze;Info
Tamara;Stone;Paris;123+aze;Info
Mitchell;McClure;Paris;123+aze;Info
Franklin;Watson;Paris;123+aze;Info
Leroy;Monroe;Lyon;123+aze;Info
Glen;Abbott;Lyon;123+aze;Info
Judith;Singer;Lyon;123+aze;Info
Alice;Hall;Lyon;123+aze;Info
Bruce;Farrell;Lyon;123+aze;Info
Kathleen;Lucas;Lyon;123+aze;Info
Amy;Norman;Lyon;123+aze;Info
Ronnie;Atkins;Lyon;123+aze;Info
Martha;Monroe;Lyon;123+aze;Info
Lynn;Robertson;Paris;123+aze;Info
Jose;Sykes;Paris;123+aze;Info
Robert;Reid;Paris;123+aze;Info
Pauline;Chandler;Paris;123+aze;Info
Stephen;Finch;Paris;123+aze;Info
Peggy;Hobbs;Paris;123+aze;Info
Donna;Adkins;Lyon;123+aze;Info
Doris;Kinney;Lyon;123+aze;Info
Ben;Whitaker;Lyon;123+aze;Info
Kristin;Alexander;Lyon;123+aze;Info
Ryan;Conner;Lyon;123+aze;Info
Tracey;Waters;Lyon;123+aze;Info
Mark;Becker;Lyon;123+aze;Info
Louis;Rollins;Lyon;123+aze;Info
Lea;Abbott;Lyon;123+aze;Juridique
Ana;Singer;Lyon;123+aze;Juridique
Alison;Hall;Lyon;123+aze;Juridique
Brlnd;Farrell;Lyon;123+aze;Juridique
Kathy;Lucas;Lyon;123+aze;Juridique
Amyna;Norman;Lyon;123+aze;Juridique
Janet;Love;Paris;123+aze;Info
Leo;Adkins;Paris;123+aze;Info
Constance;Black;Paris;123+aze;Info
Sarah;Fox;Paris;123+aze;Info
Gladys;Hatcher;Paris;123+aze;Info
Hazel;Wu;Paris;123+aze;Info
Hazel;Lloyd;Paris;123+aze;Info
Jerome;Joyce;Paris;123+aze;Info
Vincent;Welch;Paris;123+aze;Info
Kim;Matthews;Paris;123+aze;Info
Joseph;Chappell;Paris;123+aze;Info
Alison;MacDonald;Paris;123+aze;Info
Eric;Kane;Paris;123+aze;Info
Heather;Butler;Paris;123+aze;Info
Claire;Pickett;Lyon;123+aze;Info
Michele;Bowman;Lyon;123+aze;Info
Terry;Barton;Lyon;123+aze;Info
Ken;Kennedy;Lyon;123+aze;Info
Judy;Branch;Lyon;123+aze;Info
Clyde;Thornton;Lyon;123+aze;Info
Timothy;McNeill;Lyon;123+aze;Info
Ted;Weinstein;Lyon;123+aze;Info
Sandra;Middleton;Lyon;123+aze;Info
Billie;Moss;Lyon;123+aze;Info
Katharine;Lucas;Lyon;123+aze;Info
Lester;Rich;Lyon;123+aze;Info
Johnny;Carlton;Lyon;123+aze;Info
Ashley;Brady;Lyon;123+aze;Info
Lauren;Schultz;Paris;123+aze;Info
Carolyn;Nichols;Paris;123+aze;Info
Louis;Harvey;Paris;123+aze;Info
Charlene;Stevenson;Paris;123+aze;Info
Ashley;Houston;Paris;123+aze;Info
Sheryl;Dunn;Paris;123+aze;Info
Ben;West;Paris;123+aze;Info
Linda;O'Brien;Paris;123+aze;Info
Sarah;Barr;Paris;123+aze;Info
Brett;Snyder;Paris;123+aze;Info
Dana;Cain;Paris;123+aze;Info
Rebecca;Heath;Lyon;123+aze;Info
Glenda;Boswell;Lyon;123+aze;Info
Glen;Olsen;Lyon;123+aze;Info
Don;Pittman;Lyon;123+aze;Info
Gregory;Weiner;Lyon;123+aze;Info
Randy;Petersen;Lyon;123+aze;Info
Geraldine;Davis;Lyon;123+aze;Info
Edna;Coleman;Lyon;123+aze;Info
Sidney;Terrell;Lyon;123+aze;Info
Faye;Norman;Lyon;123+aze;Info
Kathy;Burch;Lyon;123+aze;Info
Marguerite;Weiner;Lyon;123+aze;Info
Marvin;Parrott;Lyon;123+aze;Info
Alex;Henry;Lyon;123+aze;Info
Alexander;Gray;Lyon;123+aze;Info
Marsha;Chang;Lyon;123+aze;Info
Karl;McLean;Paris;123+aze;Info
Laura;Eason;Paris;123+aze;Info
Melinda;Weeks;Paris;123+aze;Info
Eva;Siegel;Paris;123+aze;Info
Robert;Puckett;Paris;123+aze;Info
Bill;Heath;Paris;123+aze;Info
Edna;Hoyle;Paris;123+aze;Info
Clifford;Garrett;Paris;123+aze;Info
Penny;Neal;Paris;123+aze;Info
Glenda;Baker;Paris;123+aze;Info
Arthur;Goldman;Paris;123+aze;Info
Wesley;Shaffer;Paris;123+aze;Info
Allison;Choi;Paris;123+aze;Info
Florence;Carver;Paris;123+aze;Info
Claire;Shelton;Paris;123+aze;Info
Jeremy;House;Paris;123+aze;Info
Christy;Pariss;Paris;123+aze;Info
Wesley;Moser;Paris;123+aze;Info
Lucy;Dickinson;Paris;123+aze;Info
Susan;Abbott;Lyon;123+aze;Info
Paris;Hobbs;Lyon;123+aze;Info
Monica;Dodson;Lyon;123+aze;Info
Justin;Spencer;Lyon;123+aze;Info
Margaret;Burgess;Lyon;123+aze;Info
Philip;Liu;Lyon;123+aze;Info
Miriam;Wong;Lyon;123+aze;Info
Miriam;Blackburn;Lyon;123+aze;Info
Christopher;McKay;Lyon;123+aze;Info
Joanna;Middleton;Lyon;123+aze;Info
Stacy;Frazier;Lyon;123+aze;Info
Janice;Reid;Lyon;123+aze;Info
Brian;Braswell;Lyon;123+aze;Info
Juan;Steele;Lyon;123+aze;Info
Leroy;Donovan;Lyon;123+aze;Info
Tommy;Barrett;Lyon;123+aze;Info
Alice;Nance;Lyon;123+aze;Info
Adam;Washington;Lyon;123+aze;Info
Larry;Rogers;Lyon;123+aze;Info
Angela;McMahon;Lyon;123+aze;Info
Lawrence;Miles;Lyon;123+aze;Info
Glen;Kramer;Lyon;123+aze;Info
Valerie;Jennings;Paris;123+aze;Info
Meredith;Bowles;Paris;123+aze;Info
Jan;Brown;Paris;123+aze;Info
Lillian;Bolton;Paris;123+aze;Info
Allen;Craven;Paris;123+aze;Info
Ashley;Hendrix;Paris;123+aze;Info
Ian;Nichols;Paris;123+aze;Info
Gina;Saunders;Paris;123+aze;Info
Donna;Lehman;Paris;123+aze;Info
Catherine;Sherrill;Paris;123+aze;Info
Lester;Cash;Paris;123+aze;Info
Jacob;Pittman;Paris;123+aze;Info
Paris;Sullivan;Paris;123+aze;Info
Gail;Whitehead;Paris;123+aze;Info
Lloyd;Mack;Paris;123+aze;Info
Donna;Rice;Paris;123+aze;Info
Kay;Ayers;Paris;123+aze;Info
Wendy;Cherry;Paris;123+aze;Info
Lucille;Richmond;Paris;123+aze;Info
Virginia;York;Paris;123+aze;Info
Bruce;Wiley;Paris;123+aze;Info
Marc;Harrington;Paris;123+aze;Info
Geoffrey;Reed;Paris;123+aze;Info
Tiffany;Nash;Paris;123+aze;Info
Sher;Melton;Marseille;123+aze;Compta
Gret;Hill;Marseille;123+aze;Compta
Kar;Puckett;Marseille;123+aze;Compta
Pat;Song;Marseille;123+aze;Compta
Mat;Vick;Lyon;123+aze;Compta
Joel;O'Donnell;Lyon;123+aze;Compta
Vinc;Goldman;Lyon;123+aze;Compta
Beta;McKenna;Lyon;123+aze;Compta
Benoit;Gonnet;Paris;123+aze;Compta
Jo;Sykes;Paris;123+aze;Compta
Melinda;Reid;Paris;123+aze;Compta
Paul;Chandler;Paris;123+aze;Compta
Curl;Finch;Paris;123+aze;Compta
Perl;Hobbs;Paris;123+aze;Compta
Apoline;Wiley;Paris;123+aze;Juridique
Marco;Harrington;Paris;123+aze;Juridique
Geof;Reed;Paris;123+aze;Juridique
fannnnyyy;Nash;Paris;123+aze;Juridique
